original_file_name,current_location,selected_for_website,project_or_section,asset_type,final_filename,final_website_location,suggested_caption,suggested_alt_text,usage_notes
Project 02_Photography : Visual Storytelling/1. Jewellery Silver Smith Product/Silver Smith Works for Rachel/Behind the Scenes Film_Lunch with Rachel.jpg,assets/projects/photography/jewellery-rachel/behind-the-scenes-film-lunch-with-rachel.jpg,yes,Photography & Visual Storytelling,gallery image,photography-gallery-jewellery-behind-scenes-01.jpg,assets/projects/photography/photography-gallery-jewellery-behind-scenes-01.jpg,Behind the scenes with silversmith Rachel.,Behind-the-scenes photograph from a jewellery shoot with silversmith Rachel.,Selected for the first website build; create responsive derivatives during implementation.
Project 02_Photography : Visual Storytelling/1. Jewellery Silver Smith Product/Silver Smith Works for Rachel/Rachel_1 (2025).JPG,assets/projects/photography/jewellery-rachel/rachel-1-2025.jpg,yes,Photography & Visual Storytelling,gallery image,photography-gallery-jewellery-rachel-01.jpg,assets/projects/photography/photography-gallery-jewellery-rachel-01.jpg,"Jewellery portrait study with Rachel, image 1.","Portrait from the Rachel silversmith jewellery series, image 1.",Selected for the first website build; create responsive derivatives during implementation.
Project 02_Photography : Visual Storytelling/1. Jewellery Silver Smith Product/Silver Smith Works for Rachel/Rachel_2 (2025).JPG,assets/projects/photography/jewellery-rachel/rachel-2-2025.jpg,yes,Photography & Visual Storytelling,gallery image,photography-gallery-jewellery-rachel-02.jpg,assets/projects/photography/photography-gallery-jewellery-rachel-02.jpg,"Jewellery portrait study with Rachel, image 2.","Portrait from the Rachel silversmith jewellery series, image 2.",Selected for the first website build; create responsive derivatives during implementation.
Project 02_Photography : Visual Storytelling/1. Jewellery Silver Smith Product/Silver Smith Works for Rachel/Rachel_3.JPG,assets/projects/photography/jewellery-rachel/rachel-3.jpg,yes,Photography & Visual Storytelling,gallery image,photography-gallery-jewellery-rachel-03.jpg,assets/projects/photography/photography-gallery-jewellery-rachel-03.jpg,"Jewellery portrait study with Rachel, image 3.","Portrait from the Rachel silversmith jewellery series, image 3.",Selected for the first website build; create responsive derivatives during implementation.
Project 02_Photography : Visual Storytelling/1. Jewellery Silver Smith Product/Silver Smith Works for Rachel/Rachel_4.JPG,assets/projects/photography/jewellery-rachel/rachel-4.jpg,yes,Photography & Visual Storytelling,gallery image,photography-gallery-jewellery-rachel-04.jpg,assets/projects/photography/photography-gallery-jewellery-rachel-04.jpg,"Jewellery portrait study with Rachel, image 4.","Portrait from the Rachel silversmith jewellery series, image 4.",Selected for the first website build; create responsive derivatives during implementation.
Project 02_Photography : Visual Storytelling/1. Jewellery Silver Smith Product/Silver Smith Works for Rachel/Rachel_5.JPG,assets/projects/photography/jewellery-rachel/rachel-5.jpg,yes,Photography & Visual Storytelling,gallery image,photography-gallery-jewellery-rachel-05.jpg,assets/projects/photography/photography-gallery-jewellery-rachel-05.jpg,"Jewellery portrait study with Rachel, image 5.","Portrait from the Rachel silversmith jewellery series, image 5.",Selected for the first website build; create responsive derivatives during implementation.
Project 02_Photography : Visual Storytelling/1. Jewellery Silver Smith Product/Silver Works for Layla/Between Courses.jpg,assets/projects/photography/jewellery-layla/between-courses.jpg,yes,Photography & Visual Storytelling,project cover,photography-cover-jewellery-between-courses-01.jpg,assets/projects/previews/main/photography-cover-jewellery-between-courses-01.jpg,"Between Courses, from the Layla jewellery series.",Editorial jewellery photograph titled Between Courses.,Selected for the first website build; create responsive derivatives during implementation.
Project 02_Photography : Visual Storytelling/1. Jewellery Silver Smith Product/Silver Works for Layla/DO01040407.jpg,assets/projects/photography/jewellery-layla/do01040407.jpg,yes,Photography & Visual Storytelling,gallery image,photography-gallery-jewellery-layla-01.jpg,assets/projects/photography/photography-gallery-jewellery-layla-01.jpg,"Jewellery study with Layla, image 1.","Editorial jewellery photograph from the Layla series, image 1.",Selected for the first website build; create responsive derivatives during implementation.
Project 02_Photography : Visual Storytelling/1. Jewellery Silver Smith Product/Silver Works for Layla/DO01040415.jpg,assets/projects/photography/jewellery-layla/do01040415.jpg,yes,Photography & Visual Storytelling,gallery image,photography-gallery-jewellery-layla-02.jpg,assets/projects/photography/photography-gallery-jewellery-layla-02.jpg,"Jewellery study with Layla, image 2.","Editorial jewellery photograph from the Layla series, image 2.",Selected for the first website build; create responsive derivatives during implementation.
Project 02_Photography : Visual Storytelling/2. Material Conversations_Exhibition/DO01020036.JPG,assets/projects/photography/material-conversations/do01020036.jpg,yes,Photography & Visual Storytelling,gallery image,photography-gallery-material-conversations-01.jpg,assets/projects/photography/photography-gallery-material-conversations-01.jpg,"Material Conversations exhibition, image 1.","Exhibition photograph from Material Conversations, image 1.",Selected for the first website build; create responsive derivatives during implementation.
Project 02_Photography : Visual Storytelling/2. Material Conversations_Exhibition/DO01020926.JPG,assets/projects/photography/material-conversations/do01020926.jpg,yes,Photography & Visual Storytelling,gallery image,photography-gallery-material-conversations-02.jpg,assets/projects/photography/photography-gallery-material-conversations-02.jpg,"Material Conversations exhibition, image 2.","Exhibition photograph from Material Conversations, image 2.",Selected for the first website build; create responsive derivatives during implementation.
Project 02_Photography : Visual Storytelling/2. Material Conversations_Exhibition/DO01020934.JPG,assets/projects/photography/material-conversations/do01020934.jpg,yes,Photography & Visual Storytelling,gallery image,photography-gallery-material-conversations-03.jpg,assets/projects/photography/photography-gallery-material-conversations-03.jpg,"Material Conversations exhibition, image 3.","Exhibition photograph from Material Conversations, image 3.",Selected for the first website build; create responsive derivatives during implementation.
Project 02_Photography : Visual Storytelling/3.Press Event/The Living Table_1.JPG,assets/projects/photography/press-event/the-living-table-1.jpg,yes,Photography & Visual Storytelling,gallery image,photography-gallery-living-table-01.jpg,assets/projects/photography/photography-gallery-living-table-01.jpg,"The Living Table press event, image 1.","Event photograph from The Living Table, image 1.",Selected for the first website build; create responsive derivatives during implementation.
Project 02_Photography : Visual Storytelling/3.Press Event/The Living table_2.JPG,assets/projects/photography/press-event/the-living-table-2.jpg,yes,Photography & Visual Storytelling,gallery image,photography-gallery-living-table-02.jpg,assets/projects/photography/photography-gallery-living-table-02.jpg,"The Living Table press event, image 2.","Event photograph from The Living Table, image 2.",Selected for the first website build; create responsive derivatives during implementation.
Project 02_Photography : Visual Storytelling/3.Press Event/The Living Table_3.JPG,assets/projects/photography/press-event/the-living-table-3.jpg,yes,Photography & Visual Storytelling,gallery image,photography-gallery-living-table-03.jpg,assets/projects/photography/photography-gallery-living-table-03.jpg,"The Living Table press event, image 3.","Event photograph from The Living Table, image 3.",Selected for the first website build; create responsive derivatives during implementation.
Project 02_Photography : Visual Storytelling/4. Floating in the Almond Film Photography/Just Kids/Just Kids_1.jpg,assets/projects/photography/film-just-kids/just-kids-1.jpg,yes,Photography & Visual Storytelling,gallery image,photography-gallery-just-kids-01.jpg,assets/projects/photography/photography-gallery-just-kids-01.jpg,"Just Kids film photography series, image 1.","Film photograph from the Just Kids series, image 1.",Selected for the first website build; create responsive derivatives during implementation.
Project 02_Photography : Visual Storytelling/4. Floating in the Almond Film Photography/Just Kids/Just Kids_2.JPG,assets/projects/photography/film-just-kids/just-kids-2.jpg,yes,Photography & Visual Storytelling,gallery image,photography-gallery-just-kids-02.jpg,assets/projects/photography/photography-gallery-just-kids-02.jpg,"Just Kids film photography series, image 2.","Film photograph from the Just Kids series, image 2.",Selected for the first website build; create responsive derivatives during implementation.
Project 02_Photography : Visual Storytelling/4. Floating in the Almond Film Photography/Just Kids/Just Kids_3.jpeg,assets/projects/photography/film-just-kids/just-kids-3.jpg,yes,Photography & Visual Storytelling,gallery image,photography-gallery-just-kids-03.jpg,assets/projects/photography/photography-gallery-just-kids-03.jpg,"Just Kids film photography series, image 3.","Film photograph from the Just Kids series, image 3.",Selected for the first website build; create responsive derivatives during implementation.
Project 02_Photography : Visual Storytelling/4. Floating in the Almond Film Photography/Just Kids/Just Kids_4.JPG,assets/projects/photography/film-just-kids/just-kids-4.jpg,yes,Photography & Visual Storytelling,gallery image,photography-gallery-just-kids-04.jpg,assets/projects/photography/photography-gallery-just-kids-04.jpg,"Just Kids film photography series, image 4.","Film photograph from the Just Kids series, image 4.",Selected for the first website build; create responsive derivatives during implementation.
Project 02_Photography : Visual Storytelling/4. Floating in the Almond Film Photography/Just Kids/Just Kids_5.JPG,assets/projects/photography/film-just-kids/just-kids-5.jpg,yes,Photography & Visual Storytelling,gallery image,photography-gallery-just-kids-05.jpg,assets/projects/photography/photography-gallery-just-kids-05.jpg,"Just Kids film photography series, image 5.","Film photograph from the Just Kids series, image 5.",Selected for the first website build; create responsive derivatives during implementation.
Project 02_Photography : Visual Storytelling/4. Floating in the Almond Film Photography/Just Kids/Just Kids_6.jpeg,assets/projects/photography/film-just-kids/just-kids-6.jpg,yes,Photography & Visual Storytelling,gallery image,photography-gallery-just-kids-06.jpg,assets/projects/photography/photography-gallery-just-kids-06.jpg,"Just Kids film photography series, image 6.","Film photograph from the Just Kids series, image 6.",Selected for the first website build; create responsive derivatives during implementation.
Project 02_Photography : Visual Storytelling/4. Floating in the Almond Film Photography/Just Kids/Just Kids_7.jpg,assets/projects/photography/film-just-kids/just-kids-7.jpg,yes,Photography & Visual Storytelling,gallery image,photography-gallery-just-kids-07.jpg,assets/projects/photography/photography-gallery-just-kids-07.jpg,"Just Kids film photography series, image 7.","Film photograph from the Just Kids series, image 7.",Selected for the first website build; create responsive derivatives during implementation.
Project 02_Photography : Visual Storytelling/4. Floating in the Almond Film Photography/London Feelings/Christmas Season in Soho View from a Black Cab.jpg,assets/projects/photography/film-london-feelings/christmas-season-in-soho-view-from-a-black-cab.jpg,yes,Photography & Visual Storytelling,gallery image,photography-gallery-soho-black-cab-01.jpg,assets/projects/photography/photography-gallery-soho-black-cab-01.jpg,"Christmas season in Soho, seen from a black cab.","Film photograph titled Christmas season in Soho, seen from a black cab.",Selected for the first website build; create responsive derivatives during implementation.
Project 02_Photography : Visual Storytelling/4. Floating in the Almond Film Photography/London Feelings/Lunch Together.JPG,assets/projects/photography/film-london-feelings/lunch-together.jpg,yes,Photography & Visual Storytelling,gallery image,photography-gallery-lunch-together-01.jpg,assets/projects/photography/photography-gallery-lunch-together-01.jpg,Lunch Together.,Film photograph titled Lunch Together.,Selected for the first website build; create responsive derivatives during implementation.
Project 02_Photography : Visual Storytelling/4. Floating in the Almond Film Photography/London Feelings/Milkway.jpeg,assets/projects/photography/film-london-feelings/milkway.jpg,yes,Photography & Visual Storytelling,gallery image,photography-gallery-milkway-01.jpg,assets/projects/photography/photography-gallery-milkway-01.jpg,Milkway.,Film photograph titled Milkway.,Selected for the first website build; create responsive derivatives during implementation.
Project 02_Photography : Visual Storytelling/4. Floating in the Almond Film Photography/London Feelings/Ronnie Scott and bunch of Ronnies and Scotts.jpeg,assets/projects/photography/film-london-feelings/ronnie-scott-and-bunch-of-ronnies-and-scotts.jpg,yes,Photography & Visual Storytelling,gallery image,photography-gallery-ronnie-scott-01.jpg,assets/projects/photography/photography-gallery-ronnie-scott-01.jpg,Ronnie Scott and a crowd of Ronnies and Scotts.,Film photograph titled Ronnie Scott and a crowd of Ronnies and Scotts.,Selected for the first website build; create responsive derivatives during implementation.
Project 02_Photography : Visual Storytelling/4. Floating in the Almond Film Photography/Women From Everywhere/Artist in Studio.JPG,assets/projects/photography/film-women-from-everywhere/artist-in-studio.jpg,yes,Photography & Visual Storytelling,gallery image,photography-gallery-artist-in-studio-01.jpg,assets/projects/photography/photography-gallery-artist-in-studio-01.jpg,Artist in Studio.,Film photograph titled Artist in Studio.,Selected for the first website build; create responsive derivatives during implementation.
Project 02_Photography : Visual Storytelling/4. Floating in the Almond Film Photography/Women From Everywhere/Flour and Fire.JPG,assets/projects/photography/film-women-from-everywhere/flour-and-fire.jpg,yes,Photography & Visual Storytelling,gallery image,photography-gallery-flour-and-fire-01.jpg,assets/projects/photography/photography-gallery-flour-and-fire-01.jpg,Flour and Fire.,Film photograph titled Flour and Fire.,Selected for the first website build; create responsive derivatives during implementation.
Project 02_Photography : Visual Storytelling/4. Floating in the Almond Film Photography/Women From Everywhere/Just After the Nap.JPG,assets/projects/photography/film-women-from-everywhere/just-after-the-nap.jpg,yes,Photography & Visual Storytelling,gallery image,photography-gallery-just-after-the-nap-01.jpg,assets/projects/photography/photography-gallery-just-after-the-nap-01.jpg,Just After the Nap.,Film photograph titled Just After the Nap.,Selected for the first website build; create responsive derivatives during implementation.
Project 02_Photography : Visual Storytelling/4. Floating in the Almond Film Photography/Women From Everywhere/La Lune.jpg,assets/projects/photography/film-women-from-everywhere/la-lune.jpg,yes,Photography & Visual Storytelling,gallery image,photography-gallery-la-lune-01.jpg,assets/projects/photography/photography-gallery-la-lune-01.jpg,La Lune.,Film photograph titled La Lune.,Selected for the first website build; create responsive derivatives during implementation.
"Project 02_Photography : Visual Storytelling/4. Floating in the Almond Film Photography/Women From Everywhere/Last Table, Trattoria Camille.JPG",assets/projects/photography/film-women-from-everywhere/last-table-trattoria-camille.jpg,yes,Photography & Visual Storytelling,gallery image,photography-gallery-last-table-trattoria-camille-01.jpg,assets/projects/photography/photography-gallery-last-table-trattoria-camille-01.jpg,"Last Table, Trattoria Camille.","Film photograph titled Last Table, Trattoria Camille.",Selected for the first website build; create responsive derivatives during implementation.
"Project 02_Photography : Visual Storytelling/4. Floating in the Almond Film Photography/Women From Everywhere/On the Line, Paris.JPG",assets/projects/photography/film-women-from-everywhere/on-the-line-paris.jpg,yes,Photography & Visual Storytelling,gallery image,photography-gallery-on-the-line-paris-01.jpg,assets/projects/photography/photography-gallery-on-the-line-paris-01.jpg,"On the Line, Paris.","Film photograph titled On the Line, Paris.",Selected for the first website build; create responsive derivatives during implementation.
"Project 02_Photography : Visual Storytelling/4. Floating in the Almond Film Photography/Women From Everywhere/Reporting from the Line, Protest Weekend in April,  Paris.JPG",assets/projects/photography/film-women-from-everywhere/reporting-from-the-line-protest-weekend-in-april-paris.jpg,yes,Photography & Visual Storytelling,gallery image,photography-gallery-reporting-from-the-line-01.jpg,assets/projects/photography/photography-gallery-reporting-from-the-line-01.jpg,"Reporting from the Line, Paris.","Film photograph titled Reporting from the Line, Paris.",Selected for the first website build; create responsive derivatives during implementation.
Project 02_Photography : Visual Storytelling/5. Fashion Styling/PAPAYA /1_Still Life/01.jpg,assets/projects/photography/fashion-styling-gallery-still-life-01.jpg,yes,Photography & Visual Storytelling,gallery image,fashion-styling-gallery-still-life-01.jpg,assets/projects/photography/fashion-styling-gallery-still-life-01.jpg,Quiet editorial portrait at a table.,Model in a red satin top leaning across a white table in a quiet editorial portrait.,Reclassified from Fashion Styling into the final Photography / Visual Storytelling sequence; manually renamed filename preserved.
Project 02_Photography : Visual Storytelling/5. Fashion Styling/PAPAYA /1_Still Life/02.jpg,assets/projects/photography/fashion-styling-gallery-still-life-02.jpg,yes,Photography & Visual Storytelling,gallery image,fashion-styling-gallery-still-life-02.jpg,assets/projects/photography/fashion-styling-gallery-still-life-02.jpg,Two-part jewellery and portrait study.,Two-frame editorial portrait highlighting a model's blue statement earring and red satin top.,Reclassified from Fashion Styling into the final Photography / Visual Storytelling sequence; manually renamed filename preserved.
Project 02_Photography : Visual Storytelling/5. Fashion Styling/PAPAYA /1_Still Life/03.jpg,assets/projects/photography/fashion-papaya-still-life/03.jpg,no,Fashion Styling / Visual Direction (archive),archive reference,,,"PAPAYA fashion still-life study, image 3.","Styled still-life photograph from the PAPAYA project, image 3.",Not part of the current curated website set. The source file remains untouched at current_location.
Project 02_Photography : Visual Storytelling/5. Fashion Styling/PAPAYA /2_Revolution Collage/Revolution Collage_1.jpg,assets/projects/photography/fashion-papaya-collage/revolution-collage-1.jpg,no,Fashion Styling / Visual Direction (archive),archive reference,,,"PAPAYA Revolution collage, image 1.","Fashion collage from the PAPAYA Revolution series, image 1.",Not part of the current curated website set. The source file remains untouched at current_location.
Project 02_Photography : Visual Storytelling/5. Fashion Styling/PAPAYA /2_Revolution Collage/Revolution Collage_2.jpg,assets/projects/photography/fashion-papaya-collage/revolution-collage-2.jpg,no,Fashion Styling / Visual Direction (archive),archive reference,,,"PAPAYA Revolution collage, image 2.","Fashion collage from the PAPAYA Revolution series, image 2.",Not part of the current curated website set. The source file remains untouched at current_location.
Project 02_Photography : Visual Storytelling/5. Fashion Styling/PAPAYA /2_Revolution Collage/Revolution Collage_3.jpg,assets/projects/photography/fashion-papaya-collage/revolution-collage-3.jpg,no,Fashion Styling / Visual Direction (archive),archive reference,,,"PAPAYA Revolution collage, image 3.","Fashion collage from the PAPAYA Revolution series, image 3.",Not part of the current curated website set. The source file remains untouched at current_location.
Project 02_Photography : Visual Storytelling/5. Fashion Styling/PAPAYA /2_Revolution Collage/Revolution Collage_4.jpg,assets/projects/photography/fashion-papaya-collage/revolution-collage-4.jpg,no,Fashion Styling / Visual Direction (archive),archive reference,,,"PAPAYA Revolution collage, image 4.","Fashion collage from the PAPAYA Revolution series, image 4.",Not part of the current curated website set. The source file remains untouched at current_location.
Project 02_Photography : Visual Storytelling/5. Fashion Styling/PAPAYA /2_Revolution Collage/Revolution Collage_5.jpg,assets/projects/photography/fashion-papaya-collage/revolution-collage-5.jpg,no,Fashion Styling / Visual Direction (archive),archive reference,,,"PAPAYA Revolution collage, image 5.","Fashion collage from the PAPAYA Revolution series, image 5.",Not part of the current curated website set. The source file remains untouched at current_location.
Project 02_Photography : Visual Storytelling/5. Fashion Styling/PAPAYA /2_Revolution Collage/Revolution Collage_6.jpg,assets/projects/photography/fashion-papaya-collage/revolution-collage-6.jpg,no,Fashion Styling / Visual Direction (archive),archive reference,,,"PAPAYA Revolution collage, image 6.","Fashion collage from the PAPAYA Revolution series, image 6.",Not part of the current curated website set. The source file remains untouched at current_location.
Project 02_Photography : Visual Storytelling/5. Fashion Styling/PAPAYA /3_Revolution/3_Revolution_3_Collage/GROUP 50679.jpg,assets/projects/photography/fashion-papaya-editorial/group-50679.jpg,no,Fashion Styling / Visual Direction (archive),archive reference,,,"PAPAYA Revolution editorial, image 1.","Styled fashion image from the PAPAYA Revolution editorial, image 1.",Not part of the current curated website set. The source file remains untouched at current_location.
Project 02_Photography : Visual Storytelling/5. Fashion Styling/PAPAYA /3_Revolution/3_Revolution_3_Collage/GROUP 50681.jpg,assets/projects/photography/fashion-papaya-editorial/group-50681.jpg,no,Fashion Styling / Visual Direction (archive),archive reference,,,"PAPAYA Revolution editorial, image 2.","Styled fashion image from the PAPAYA Revolution editorial, image 2.",Not part of the current curated website set. The source file remains untouched at current_location.
Project 02_Photography : Visual Storytelling/5. Fashion Styling/PAPAYA /3_Revolution/3_Revolution_3_Collage/GROUP 50688.jpg,assets/projects/photography/fashion-papaya-editorial/group-50688.jpg,no,Fashion Styling / Visual Direction (archive),archive reference,,,"PAPAYA Revolution editorial, image 3.","Styled fashion image from the PAPAYA Revolution editorial, image 3.",Not part of the current curated website set. The source file remains untouched at current_location.
Project 02_Photography : Visual Storytelling/5. Fashion Styling/PAPAYA /3_Revolution/Revolution_1_Single.jpg,assets/projects/photography/fashion-styling-gallery-revolution-02.jpg,yes,Photography & Visual Storytelling,gallery image,fashion-styling-gallery-revolution-02.jpg,assets/projects/photography/fashion-styling-gallery-revolution-02.jpg,Red-light movement study.,Long-exposure fashion portrait of a model in a satin dress moving through red light.,Reclassified from Fashion Styling into the final Photography / Visual Storytelling sequence; manually renamed filename preserved.
Project 02_Photography : Visual Storytelling/5. Fashion Styling/PAPAYA /3_Revolution/Revolution_2_Single.jpg,assets/projects/photography/fashion-papaya-editorial/revolution-2-single.jpg,no,Fashion Styling / Visual Direction (archive),archive reference,,,PAPAYA Revolution portrait study.,Styled portrait from the PAPAYA Revolution fashion project.,Not part of the current curated website set. The source file remains untouched at current_location.
Project 02_Photography : Visual Storytelling/5. Fashion Styling/PAPAYA /Film Behind the Scenes/Film Portrait_bts_01.JPG,assets/projects/photography/fashion-styling-gallery-behind-scenes-01.jpg,yes,Photography & Visual Storytelling,gallery image,fashion-styling-gallery-behind-scenes-01.jpg,assets/projects/photography/fashion-styling-gallery-behind-scenes-01.jpg,Editorial portrait study against a dark background.,Editorial portrait of a model in black clothing against a dark background.,Reclassified from Fashion Styling into the final Photography / Visual Storytelling sequence; manually renamed filename preserved.
Project 02_Photography : Visual Storytelling/5. Fashion Styling/PAPAYA /Film Behind the Scenes/Film Portrait_bts_02.JPG,assets/projects/photography/fashion-styling-gallery-behind-scenes-02.jpg,yes,Photography & Visual Storytelling,gallery image,fashion-styling-gallery-behind-scenes-02.jpg,assets/projects/photography/fashion-styling-gallery-behind-scenes-02.jpg,Red-satin editorial portrait study.,Profile portrait of a model in a red satin garment against a dark background.,Reclassified from Fashion Styling into the final Photography / Visual Storytelling sequence; manually renamed filename preserved.
Project 02_Photography : Visual Storytelling/Home Page Background /Background_01.jpeg,assets/homepage/background-01.jpeg,yes,Homepage,background image,homepage-background-quiet-desktop-01.jpeg,assets/homepage/homepage-background-quiet-desktop-01.jpeg,Playful public-art scene beneath spring blossom.,,Chosen homepage desktop-style background. Decorative in the interface; use an empty alt attribute and preserve a quiet crop behind desktop elements.
Project 02_Photography : Visual Storytelling/Home Page Background /Background_02.jpg,,no,Photography / homepage candidates,homepage image,,,,,Not selected; existing files and manifest entries were left untouched.
Project 02_Photography : Visual Storytelling/Home Page Background /Background_03.JPG,,no,Photography / homepage candidates,homepage image,,,,,Not selected; existing files and manifest entries were left untouched.
Project 02_Photography : Visual Storytelling/Home Page Background /Background_04.JPG,,no,Photography / homepage candidates,homepage image,,,,,Not selected; existing files and manifest entries were left untouched.
Project 02_Photography : Visual Storytelling/Home Page Background /Background_05.jpg,,no,Photography / homepage candidates,homepage image,,,,,Not selected; existing files and manifest entries were left untouched.
Project 03 AI Customer Experience Research Research/Master Dissertation PDF/Empirical Dissertation.pdf,archive/source-documents/research/ai-customer-experience-dissertation.pdf,yes,AI Customer Experience Research,source document,ai-cx-dissertation-01.pdf,assets/archive/source-documents/ai-cx-dissertation-01.pdf,MA dissertation on AI-assisted customer experience for UK Gen Z consumers with ADHD.,Not applicable - archived PDF source document.,Archive only. Do not serve as a main visual or export all 360 pages.
"Project 03 AI Customer Experience Research Research/Research Process/Ajzen’s Theory of Planned Behaviour (1991), 2025, Author’s Own.png",assets/projects/research/process/ajzens-theory-of-planned-behaviour-1991-2025-authors-own.png,yes,AI Customer Experience Research,research diagram,ai-cx-diagram-planned-behaviour-01.png,assets/projects/ai-cx-research/ai-cx-diagram-planned-behaviour-01.png,Theory of Planned Behaviour framework used in the research.,"Diagram showing Ajzen's Theory of Planned Behaviour and the relationships between attitudes, norms, control, intentions and behaviour.",Selected for the first website build; create responsive derivatives during implementation.
"Project 03 AI Customer Experience Research Research/Research Process/Developed Thematic Map with Three Main Themes and Relevant Codes, 2025, Author's Own.png",assets/projects/research/process/developed-thematic-map-with-three-main-themes-and-relevant-codes-2025-authors-own.png,yes,AI Customer Experience Research,research diagram,ai-cx-diagram-thematic-map-01.png,assets/projects/ai-cx-research/ai-cx-diagram-thematic-map-01.png,Thematic map connecting the study's three main research themes.,Thematic map showing three main themes and their related qualitative research codes.,Supporting thematic-map image in the AI research gallery; no longer used as a project cover.
Project 03 AI Customer Experience Research Research/Research Process/MAP Academic Poster.pdf,assets/projects/research/ai-cx-academic-poster.pdf,yes,AI Customer Experience Research,research document,ai-cx-research-poster-01.pdf,assets/documents/research/ai-cx-research-poster-01.pdf,Academic poster summarising the AI and customer-experience research.,Not applicable - one-page research poster PDF.,Keep as a document. A single raster preview may be generated later; do not export additional pages.
"Project 03 AI Customer Experience Research Research/Research Process/Table, AI interventions mapped to the ADHD Gen Z Behavioural Gap.png",assets/projects/research/process/table-ai-interventions-mapped-to-the-adhd-gen-z-behavioural-gap.png,yes,AI Customer Experience Research,research diagram,ai-cx-diagram-interventions-gap-01.png,assets/projects/ai-cx-research/ai-cx-diagram-interventions-gap-01.png,AI interventions mapped to the ADHD Gen Z behavioural gap.,Table mapping AI interventions to cognitive and behavioural barriers experienced by Gen Z consumers with ADHD.,Selected for the first website build; create responsive derivatives during implementation.
"Project 03 AI Customer Experience Research Research/Research Process/Table, Interview Instrument Design.png",assets/projects/research/process/table-interview-instrument-design.png,yes,AI Customer Experience Research,research diagram,ai-cx-diagram-interview-design-01.png,assets/projects/ai-cx-research/ai-cx-diagram-interview-design-01.png,Interview instrument design for the qualitative study.,Table showing the structure and objectives of the qualitative interview instrument.,Selected for the first website build; create responsive derivatives during implementation.
"Project 03 AI Customer Experience Research Research/Research Process/Technology Acceptance Model by Davis (1989), 2025, Author’s Own.png",assets/projects/research/process/technology-acceptance-model-by-davis-1989-2025-authors-own.png,yes,AI Customer Experience Research,research diagram,ai-cx-diagram-technology-acceptance-01.png,assets/projects/ai-cx-research/ai-cx-diagram-technology-acceptance-01.png,Technology Acceptance Model used as a theoretical lens.,"Diagram showing the Technology Acceptance Model and links between usefulness, ease of use, attitude, intention and system use.",Selected for the first website build; create responsive derivatives during implementation.
About Audris/About Audris.JPG,assets/about/about-portrait-film.jpg,no,About / personal profile,homepage image,,,,,Not selected; existing files and manifest entries were left untouched.
About Audris/Carousel Image 8_About Audris.JPG,assets/about/about-portrait-editorial.jpg,yes,About,profile portrait,about-portrait-editorial.jpg,assets/about/about-portrait-editorial.jpg,Audris Li.,Portrait of Audris Li against a deep blue background.,Fixed About-page portrait selected by the site owner.
CV/Website Professional Resume.pdf,assets/documents/audris-li-cv.pdf,yes,CV,download document,audris-li-cv.pdf,assets/documents/cv/audris-li-cv.pdf,Audris Li - curriculum vitae.,Not applicable - downloadable CV PDF.,Use as the Download CV file; do not render it as an image.
Homepage Carousel/Carousel Image 1 Sustainable Lifestyle Branding.png,,no,Homepage / project index,homepage image,,,,,Not selected; existing files and manifest entries were left untouched.
Homepage Carousel/Carousel Image 2 Consumer Research & Customer Experience .pdf,,no,Homepage / project index,homepage image,,,,,Not selected; existing files and manifest entries were left untouched.
Homepage Carousel/Carousel Image 4 Visual Storytelling.jpg,,no,Homepage / project index,homepage image,,,,,Not selected; existing files and manifest entries were left untouched.
Homepage Carousel/Carousel Image 5 Cross-Border E-Commerce Supplier Factory Visits.jpg,,no,Homepage / project index,homepage image,,,,,Not selected; existing files and manifest entries were left untouched.
Homepage Carousel/Carousel Image 6 Project 05 - Marketing Retail Projects.JPG,assets/projects/previews/main/marketing-retail-cover.jpg,no,Marketing and retail projects,project cover,,,,,Not selected; existing files and manifest entries were left untouched.
Homepage Carousel/Carousel Image 8_About Audris.JPG,,no,Homepage / project index,homepage image,,,,,Not selected; existing files and manifest entries were left untouched.
Project 01_ Sustainable Incense Brand/ Packaging Photo.png,assets/projects/cyta/product/packaging-photo.png,yes,Cyta / Sustainable Incense Brand,project cover,cyta-cover-packaging-01.png,assets/projects/previews/main/cyta-cover-packaging-01.png,Cyta packaging and incense product presentation.,Cyta incense packaging arranged as a product still life.,Selected for the first website build; create responsive derivatives during implementation.
Project 01_ Sustainable Incense Brand/Branding & Logo/CYTA 鳶 Logo lace transparent.png,assets/projects/cyta/identity/cyta-logo-lace-transparent.png,yes,Cyta / Sustainable Incense Brand,gallery image,cyta-gallery-lace-logo-01.png,assets/projects/cyta/cyta-gallery-lace-logo-01.png,Cyta's lace-inspired identity mark.,Transparent Cyta brand mark featuring a lace-inspired visual treatment.,Selected for the first website build; create responsive derivatives during implementation.
Project 01_ Sustainable Incense Brand/Branding & Logo/Soft Landing Cloud Quilt.png,assets/projects/cyta/identity/soft-landing-cloud-quilt.png,no,Cyta sustainable incense brand / identity,gallery image,,,,,Not selected; existing files and manifest entries were left untouched.
Project 01_ Sustainable Incense Brand/Branding & Logo/Soft Landing with white box incense Product.png,assets/projects/cyta/identity/soft-landing-with-white-box-incense-product.png,no,Cyta sustainable incense brand / identity,gallery image,,,,,Not selected; existing files and manifest entries were left untouched.
Project 01_ Sustainable Incense Brand/Cold Grey Incense Product Picture.jpg,assets/projects/cyta/product/cold-grey-incense-product-picture.jpg,yes,Cyta / Sustainable Incense Brand,gallery image,cyta-gallery-incense-product-cold-grey-01.jpg,assets/projects/cyta/cyta-gallery-incense-product-cold-grey-01.jpg,Cyta incense product photographed in cool grey light.,Cyta incense product photographed against a cool grey setting.,Selected for the first website build; create responsive derivatives during implementation.
Project 01_ Sustainable Incense Brand/Cyta Incense Sourcing Factory Visit/Incense Retail Store in progress.jpeg,assets/projects/cyta/sourcing/incense-retail-store-in-progress.jpg,yes,Cyta / Sustainable Incense Brand,gallery image,cyta-gallery-retail-store-visit-01.jpg,assets/projects/cyta/cyta-gallery-retail-store-visit-01.jpg,Incense retail environment observed during sourcing research.,Incense products and displays inside a retail store visited during Cyta sourcing research.,Selected for the first website build; create responsive derivatives during implementation.
Project 01_ Sustainable Incense Brand/Cyta Incense Sourcing Factory Visit/Sourcing Visit 01.jpeg,assets/projects/cyta/sourcing/sourcing-visit-01.jpg,yes,Cyta / Sustainable Incense Brand,gallery image,cyta-gallery-sourcing-visit-01.jpg,assets/projects/cyta/cyta-gallery-sourcing-visit-01.jpg,"Cyta sourcing visit, image 1.","Documentary photograph from a Cyta incense sourcing visit, image 1.",Selected for the first website build; create responsive derivatives during implementation.
Project 01_ Sustainable Incense Brand/Cyta Incense Sourcing Factory Visit/Sourcing Visit 02.jpeg,assets/projects/cyta/sourcing/sourcing-visit-02.jpg,yes,Cyta / Sustainable Incense Brand,gallery image,cyta-gallery-sourcing-visit-02.jpg,assets/projects/cyta/cyta-gallery-sourcing-visit-02.jpg,"Cyta sourcing visit, image 2.","Documentary photograph from a Cyta incense sourcing visit, image 2.",Selected for the first website build; create responsive derivatives during implementation.
Project 01_ Sustainable Incense Brand/Incense workshop/DSC_1473.JPG,assets/projects/cyta/workshop/dsc-1473.jpg,yes,Cyta / Sustainable Incense Brand,gallery image,cyta-gallery-incense-workshop-01.jpg,assets/projects/cyta/cyta-gallery-incense-workshop-01.jpg,"Hands-on incense workshop, image 1.","Documentary photograph from a hands-on incense workshop, image 1.",Selected for the first website build; create responsive derivatives during implementation.
Project 01_ Sustainable Incense Brand/Incense workshop/DSC_1481.JPG,assets/projects/cyta/workshop/dsc-1481.jpg,yes,Cyta / Sustainable Incense Brand,gallery image,cyta-gallery-incense-workshop-02.jpg,assets/projects/cyta/cyta-gallery-incense-workshop-02.jpg,"Hands-on incense workshop, image 2.","Documentary photograph from a hands-on incense workshop, image 2.",Selected for the first website build; create responsive derivatives during implementation.
Project 01_ Sustainable Incense Brand/Incense workshop/DSC_1498.JPG,assets/projects/cyta/workshop/dsc-1498.jpg,yes,Cyta / Sustainable Incense Brand,gallery image,cyta-gallery-incense-workshop-03.jpg,assets/projects/cyta/cyta-gallery-incense-workshop-03.jpg,"Hands-on incense workshop, image 3.","Documentary photograph from a hands-on incense workshop, image 3.",Selected for the first website build; create responsive derivatives during implementation.
Project 01_ Sustainable Incense Brand/Incense workshop/DSC_1517.JPG,assets/projects/cyta/workshop/dsc-1517.jpg,yes,Cyta / Sustainable Incense Brand,gallery image,cyta-gallery-incense-workshop-04.jpg,assets/projects/cyta/cyta-gallery-incense-workshop-04.jpg,"Hands-on incense workshop, image 4.","Documentary photograph from a hands-on incense workshop, image 4.",Selected for the first website build; create responsive derivatives during implementation.
Project 01_ Sustainable Incense Brand/Incense workshop/DSC_1519.JPG,assets/projects/cyta/workshop/dsc-1519.jpg,yes,Cyta / Sustainable Incense Brand,gallery image,cyta-gallery-incense-workshop-05.jpg,assets/projects/cyta/cyta-gallery-incense-workshop-05.jpg,"Hands-on incense workshop, image 5.","Documentary photograph from a hands-on incense workshop, image 5.",Selected for the first website build; create responsive derivatives during implementation.
Project 01_ Sustainable Incense Brand/Inspirations/1DD29E1C-1CB5-4494-89AB-9B47C14E237F.png,design-references/cyta-inspiration/1dd29e1c-1cb5-4494-89ab-9b47c14e237f.png,no,Cyta sustainable incense brand / visual research,archive,,,,,Not selected; existing files and manifest entries were left untouched.
Project 01_ Sustainable Incense Brand/Inspirations/C8A525FA-AF7E-4FBC-8272-A027AD34F50C.png,design-references/cyta-inspiration/c8a525fa-af7e-4fbc-8272-a027ad34f50c.png,no,Cyta sustainable incense brand / visual research,archive,,,,,Not selected; existing files and manifest entries were left untouched.
Project 01_ Sustainable Incense Brand/Inspirations/Childhood Quilt.jpeg,design-references/cyta-inspiration/childhood-quilt.jpg,no,Cyta sustainable incense brand / visual research,archive,,,,,Not selected; existing files and manifest entries were left untouched.
Project 01_ Sustainable Incense Brand/Inspirations/Chinese Caligraphy.jpeg,design-references/cyta-inspiration/chinese-caligraphy.jpg,no,Cyta sustainable incense brand / visual research,archive,,,,,Not selected; existing files and manifest entries were left untouched.
Project 01_ Sustainable Incense Brand/Inspirations/IMG_5296.JPG,design-references/cyta-inspiration/img-5296.jpg,no,Cyta sustainable incense brand / visual research,archive,,,,,Not selected; existing files and manifest entries were left untouched.
Project 01_ Sustainable Incense Brand/Transparent Background.png,assets/projects/cyta/product/transparent-background.png,yes,Cyta / Sustainable Incense Brand,gallery image,cyta-gallery-packaging-still-life-01.png,assets/projects/cyta/cyta-gallery-packaging-still-life-01.png,Cyta packaging still life prepared for flexible layouts.,Cut-out product still life showing Cyta incense packaging.,Selected for the first website build; create responsive derivatives during implementation.
Project 01_ Sustainable Incense Brand/Warm Yellow Light Incense Product Picture.jpg,assets/projects/cyta/product/warm-yellow-light-incense-product-picture.jpg,yes,Cyta / Sustainable Incense Brand,gallery image,cyta-gallery-incense-product-warm-light-01.jpg,assets/projects/cyta/cyta-gallery-incense-product-warm-light-01.jpg,Cyta incense product photographed in warm light.,Cyta incense product photographed in a warm yellow light setting.,Selected for the first website build; create responsive derivatives during implementation.
Project 04 - Cross Border Ecommerce/39efa3ebb6042dae154bf97b249a556e.jpg,assets/projects/cross-border/factory-production-process.jpg,yes,Cross-Border E-commerce & Operations,gallery image,ecommerce-gallery-digital-printing-01.jpg,assets/projects/cross-border-ecommerce/ecommerce-gallery-digital-printing-01.jpg,Digital textile printing observed during a factory visit.,Industrial digital textile printer producing a printed fabric panel.,Selected for the first website build; create responsive derivatives during implementation.
Project 04 - Cross Border Ecommerce/a4c2eadbb338ce7da5b64596b3e7b668.jpg,assets/projects/cross-border/supplier-warehouse-content.jpg,yes,Cross-Border E-commerce & Operations,project cover,ecommerce-cover-factory-production-01.jpg,assets/projects/previews/main/ecommerce-cover-factory-production-01.jpg,Embroidery production during a supplier factory visit.,Row of industrial embroidery machines inside a garment production facility.,Selected for the first website build; create responsive derivatives during implementation.
Project 04 - Cross Border Ecommerce/cd475602bb7ca24a8d45aae6f1b8b3dc.jpg,assets/projects/cross-border/supplier-warehouse-visit.jpg,yes,Cross-Border E-commerce & Operations,gallery image,ecommerce-gallery-supplier-warehouse-01.jpg,assets/projects/cross-border-ecommerce/ecommerce-gallery-supplier-warehouse-01.jpg,Supplier warehouse visit during cross-border operations work.,Group walking through a garment supplier warehouse lined with shelving and stock.,Selected for the first website build; create responsive derivatives during implementation.
Project 05 - Marketing Retail Projects/Bachelor Final Major Project/Creative Outcome cp.pdf,archive/source-documents/marketing-retail/bachelor-fmp-creative-outcome.pdf,yes,Marketing & Retail Projects,source document,marketing-retail-bachelor-fmp-creative-outcome-01.pdf,assets/archive/source-documents/marketing-retail-bachelor-fmp-creative-outcome-01.pdf,Bachelor final-major-project creative outcome.,Not applicable - archived source PDF.,Archive only; use selected web-ready spreads instead of the full PDF.
Project 05 - Marketing Retail Projects/Bachelor Final Major Project/Illustrated Report cp.pdf,archive/source-documents/marketing-retail/bachelor-fmp-illustrated-report.pdf,yes,Marketing & Retail Projects,source document,marketing-retail-bachelor-fmp-illustrated-report-01.pdf,assets/archive/source-documents/marketing-retail-bachelor-fmp-illustrated-report-01.pdf,Bachelor final-major-project illustrated report.,Not applicable - archived source PDF.,Archive only; use selected web-ready spreads instead of the full PDF.
Project 05 - Marketing Retail Projects/ICICLE Business Proposal.pdf,archive/source-documents/marketing-retail/icicle-business-proposal.pdf,yes,Marketing & Retail Projects,source document,marketing-retail-icicle-proposal-01.pdf,assets/archive/source-documents/marketing-retail-icicle-proposal-01.pdf,ICICLE business proposal on gamification and sustainable brand perception.,Not applicable - archived source PDF.,Archive only; use selected web-ready spreads instead of the full PDF.
Screenshot 2026-06-23 at 6.54.53 PM.png,/Users/yuhanlee/Desktop/web-ready spreads/Screenshot 2026-06-23 at 6.54.53 PM.png,yes,Marketing & Retail Projects,web-ready spread,marketing-retail-icicle-spread-01.png,assets/projects/marketing-retail/web-ready-spreads/marketing-retail-icicle-spread-01.png,"Gamification visualisation introducing material stories across organic cotton, bamboo and recycled PET.","ICICLE gamification concept displayed on a desktop screen with organic cotton, bamboo and recycled PET material stories.",Selected web-ready spread; use within the Marketing & Retail case study.
Screenshot 2026-06-23 at 6.55.09 PM.png,/Users/yuhanlee/Desktop/web-ready spreads/Screenshot 2026-06-23 at 6.55.09 PM.png,yes,Marketing & Retail Projects,web-ready spread,marketing-retail-icicle-spread-02.png,assets/projects/marketing-retail/web-ready-spreads/marketing-retail-icicle-spread-02.png,Traceability visualisation connecting a garment tag and QR code to the customer journey.,"ICICLE gamification screen showing colourful garments, a traceability tag and a QR-code customer journey.",Selected web-ready spread; use within the Marketing & Retail case study.
Screenshot 2026-06-23 at 6.56.11 PM.png,/Users/yuhanlee/Desktop/web-ready spreads/Screenshot 2026-06-23 at 6.56.11 PM.png,yes,Marketing & Retail Projects,web-ready spread,marketing-retail-icicle-spread-03.png,assets/projects/marketing-retail/web-ready-spreads/marketing-retail-icicle-spread-03.png,Research spread decoding the Deprogrammers Gen Z consumer segment.,"Two-page research spread about the Deprogrammers, their core values and sustainable consumer behaviours.",Selected web-ready spread; use within the Marketing & Retail case study.
Screenshot 2026-06-23 at 6.57.49 PM.png,/Users/yuhanlee/Desktop/web-ready spreads/Screenshot 2026-06-23 at 6.57.49 PM.png,yes,Marketing & Retail Projects,project cover,marketing-retail-icicle-spread-04.png,assets/projects/marketing-retail/web-ready-spreads/marketing-retail-icicle-spread-04.png,ICICLE proposal cover exploring gamification and sustainable brand perception.,"ICICLE business-proposal cover combining a park scene, fashion portrait and sustainability typography.",Chosen as the Marketing & Retail project cover; retain the full ICICLE PDF as archive-only.
Screenshot 2026-06-23 at 6.58.28 PM.png,/Users/yuhanlee/Desktop/web-ready spreads/Screenshot 2026-06-23 at 6.58.28 PM.png,yes,Marketing & Retail Projects,web-ready spread,marketing-retail-icicle-spread-05.png,assets/projects/marketing-retail/web-ready-spreads/marketing-retail-icicle-spread-05.png,Illustrated report cover on sustainable-fashion gamification for Gen Z.,Red illustrated-report cover asking how sustainable fashion brands can use gamification to engage Gen Z customers.,Selected web-ready spread; use within the Marketing & Retail case study.
Academic_Poster.png,assets/projects/previews/main/ai-cx-cover-academic-poster-01.png,yes,AI Customer Experience Research,project cover,ai-cx-cover-academic-poster-01.png,assets/projects/previews/main/ai-cx-cover-academic-poster-01.png,Academic poster summarising research into AI-assisted customer experience for Gen Z consumers with ADHD.,Academic poster on how sustainable fashion brands can use AI to improve customer experience for UK Gen Z consumers with ADHD.,Primary cover for AI Customer Experience Research. Existing file renamed in place; no duplicate created.
fashion-styling-gallery-revolution-01.JPEG,assets/projects/photography/fashion-styling-gallery-revolution-01.JPEG,yes,Photography & Visual Storytelling,gallery image,fashion-styling-gallery-revolution-01.JPEG,assets/projects/photography/fashion-styling-gallery-revolution-01.JPEG,Motion study in gold satin.,Composite fashion photograph showing a model in a gold satin dress moving through a sequence of poses.,Reclassified from Fashion Styling into the final Photography / Visual Storytelling sequence; manually renamed filename preserved.
fashion-styling-gallery-revolution-03.JPEG,assets/projects/photography/fashion-styling-gallery-revolution-03.JPEG,yes,Photography & Visual Storytelling,gallery image,fashion-styling-gallery-revolution-03.JPEG,assets/projects/photography/fashion-styling-gallery-revolution-03.JPEG,Expressive portrait triptych in warm red light.,Triptych of expressive fashion portraits lit in warm red and orange tones.,Reclassified from Fashion Styling into the final Photography / Visual Storytelling sequence; manually renamed filename preserved.
